Order ID,Product ID,Customer,Service Level,Unit quantity,Weight
B-0001,1700106,V55555_53,CRF,808,14.3
B-0002,1699336,V55555_53,CRF,771,77.25
B-0003,1700035,V55555_53,CRF,3322,42.2
B-0004,1697317,V55555_53,CRF,2936,567.68
B-0005,1699562,V555555555555555_29,CRF,4802,8.89232813360431
B-0006,1699371,V555555555555555_29,CRF,6005,5.89770680045902
B-0007,1699417,V555555555555555_29,CRF,5323,12.7942492210032
B-0008,1699540,V555555555555555_29,CRF,5120,8.61524760067408
B-0009,1699841,V555555555555555_29,CRF,3654,5.74639880205378
B-0010,1699173,V5555555_30,CRF,604,3.42
B-0011,1649008,V55555_2,CRF,423,1.29769911504425
B-0012,1668612,V55555_2,CRF,316,0.893459715639811
B-0013,1689551,V55555_2,CRF,285,0.149271623992235
B-0014,1682805,V55555_2,CRF,316,4.29574873997829
B-0015,1672091,V55555_2,CRF,297,7.86954212671842
B-0016,1684560,V555555555555_31,CRF,6285,2.67438613771226
B-0017,1699676,V55555555_32,CRF,16240,24.1457457151656
B-0018,1699380,V55555555_32,CRF,5292,6.14279069767442
B-0019,1699794,V55555555_32,CRF,5094,9.48710511463847
B-0020,1699417,V55555555_32,CRF,2297,4.71769968840128
B-0021,1699540,V55555555_32,CRF,9886,18.2304952013482
B-0022,1699539,V55555555_32,CRF,3864,11.6229740453858
B-0023,1699515,V55555555_32,CRF,5101,7.7990046174
B-0024,1699539,V5555555_12,CRF,2075,5.81148702269291
B-0025,1680246,V555555555555555_29,DTP,263,2.54355595543832
B-0026,1674635,V5555_33,DTP,416,27.8841736656267
B-0027,1685952,V555555555_3,DTP,321,1.6
B-0028,1617826,V55555555_5,DTP,1289,184.878787878788
B-0029,1666994,V55555555_5,DTP,250,2.77399773795749
B-0030,1687354,V55555555_7,DTP,318,6.1
B-0031,1689544,V555555555555555_29,DTP,334,11.7262157735775
B-0032,1688587,V555555555555555_29,DTP,293,4.56038144701565
B-0033,1688575,V555555555555555_29,DTP,327,4.52170464309232
B-0034,1688571,V555555555555555_29,DTP,381,4.40449246755705
B-0035,1682853,V555555555555555_29,DTP,332,5.16553763568036
B-0036,1682802,V555555555555555_29,DTP,353,3.82430866911803
B-0037,1629341,V5555555_30,DTP,647,5.77545454545455
B-0038,1660885,V5555555_30,DTP,3291,21.68
B-0039,1668346,V5555555_30,DTP,459,15.38
B-0040,1651299,V55555555_0,DTP,792,1.52114609634699
B-0041,1693865,V55555555_0,DTP,349,0.363890118201646
B-0042,1693117,V55555555_0,DTP,320,1.00645161290323
B-0043,1697874,V5555555_22,DTP,948,11.9004671249042
B-0044,1683200,V5555555_22,DTP,638,8.26
B-0045,1688610,V5555_33,DTP,243,0.371639557306518
B-0046,1688292,V5555_33,DTP,256,1.09601867919987
B-0047,1688288,V5555_33,DTP,334,0.852817264134014
B-0048,1688290,V5555_33,DTP,298,0.398014937928818
B-0049,1688285,V5555_33,DTP,292,0.195436611637587
B-0050,1689549,V5555_33,DTP,316,0.0958435439052283
B-0051,1688633,V5555_33,DTP,273,1.29898030439023
B-0052,1688587,V5555_33,DTP,275,1.09449154728376
B-0053,1688575,V5555_33,DTP,279,1.44694548578954
B-0054,1688629,V5555_33,DTP,275,1.79365310678281
B-0055,1688571,V5555_33,DTP,319,0.176179698702282
B-0056,1689546,V5555_33,DTP,278,0.766254416430148
B-0057,1689548,V5555_33,DTP,305,3.12815108050291
B-0058,1689547,V5555_33,DTP,335,0.43191763123883
B-0059,1683405,V5555_33,DTP,307,0.163736842105263
B-0060,1682709,V5555_33,DTP,303,2.90317735745413
B-0061,1682805,V5555_33,DTP,295,0.60140482359696
B-0062,1672676,V5555_33,DTP,333,1.91424063946151
B-0063,1651302,V555555_24,DTP,1450,4.54
B-0064,1689145,V555555_24,DTP,518,0.715383872258795
B-0065,1666519,V555555_24,DTP,786,4.88
B-0066,1658528,V55555_2,DTP,371,0.960233512724619
B-0067,1696748,V55555_2,DTP,254,0.358505317375102
B-0068,1700094,V55555_2,DTP,347,2.08
B-0069,1689541,V55555_2,DTP,401,9.50166832174776
B-0070,1674853,V55555_2,DTP,285,2.53169139465875
B-0071,1660579,V55555_2,DTP,368,4.51953329958215
B-0072,1689032,V55555_2,DTP,591,8.34
B-0073,1689031,V55555_2,DTP,774,9.46
B-0074,1664061,V55555_2,DTP,15279,192.94
B-0075,1664051,V55555_2,DTP,30314,382.04
B-0076,1687346,V55555_2,DTP,335,0.83485508841441
B-0077,1668545,V55555_2,DTP,403,0.950922301652408
B-0078,1672091,V55555_2,DTP,346,11.98
B-0079,1677878,V55555_2,DTP,1846,5.4
B-0080,1691700,V55555_2,DTP,810,2.98248366235487
B-0081,1688575,V555555555_3,DTP,486,18.0868185723693
B-0082,1691544,V555555555_3,DTP,331,3.64768998971821
B-0083,1682796,V555555555_3,DTP,324,0.769902939100763
B-0084,1695346,V5555_25,DTP,310,0.0766382873355829
B-0085,1696757,V55_13,DTP,327,5.7
B-0086,1684703,V55_13,DTP,390,2.07904248672831
B-0087,1682784,V55_13,DTP,385,5.06809615948698
B-0088,1668545,V55_13,DTP,732,4.06
B-0089,1677877,V55_13,DTP,2292,4.63612903225806
B-0090,1693740,V5555_36,DTP,20277,38.7117271601852
B-0091,1658532,V55555_4,DTP,339,1.02409120240912
B-0092,1675662,V55555_4,DTP,2514,22
B-0093,1676853,V55555_4,DTP,1323,2.64162544695483
B-0094,1651302,V55555_4,DTP,381,0.663960439884862
B-0095,1656246,V55555_4,DTP,1244,4.09630573248408
B-0096,1644200,V55555_4,DTP,509,6.12
B-0097,1657063,V55555_4,DTP,319,0.0165913492575855
B-0098,1662395,V55555_4,DTP,329,3.63692773234683
B-0099,1699946,V55555_4,DTP,260,0.11979046077596
B-0100,1643056,V555555555_14,DTP,1378,16.46
B-0101,1696754,V555555555_14,DTP,311,2.66854391116731
B-0102,1696746,V555555555_14,DTP,437,4.81718057234792
B-0103,1700097,V555555555_14,DTP,824,8.22
B-0104,1689469,V555555555_14,DTP,1304,19.4164362420423
B-0105,1657064,V555555555_14,DTP,490,1.55162437754068
B-0106,1696482,V555555555_14,DTP,358,1.69269049190717
B-0107,1693618,V555555555_14,DTP,4273,35.4446621182983
B-0108,1675655,V55555_26,DTP,394,0.683372403201034
B-0109,1651377,V55555_26,DTP,643,8.935
B-0110,1682748,V55555_26,DTP,326,1.15703222342351
B-0111,1683560,V55555_26,DTP,40238,393.805872565374
B-0112,1664067,V55555_26,DTP,6840,50.2465320914328
B-0113,1677891,V55555_26,DTP,2292,6
B-0114,1660885,V55555_26,DTP,367,0.882530374264867
B-0115,1671942,V55555_26,DTP,412,9.75674596501097
B-0116,1666466,V55555_26,DTP,392,2.22
B-0117,1692109,V55555555_5,DTP,517,1.51885593038036
B-0118,1675654,V55555555_5,DTP,345,0.283546548448385
B-0119,1696075,V55555555_5,DTP,1287,5.82851436211751
B-0120,1700140,V55555555_5,DTP,33861,24.5843510129499
B-0121,1688288,V55555555_5,DTP,585,33.9806474050255
B-0122,1690627,V55555555_5,DTP,400,3.84183854916781
B-0123,1682736,V55555555_5,DTP,921,54.7633823529412
B-0124,1677891,V55555555_5,DTP,2250,5.9
B-0125,1671942,V55555555_5,DTP,247,1.21013392106373
B-0126,1699948,V55555555_5,DTP,369,3.29926279013622
B-0127,1677878,V55555555_5,DTP,447,0.743625862797575
B-0128,1651298,V555_15,DTP,2297,4.59672727272727
B-0129,1689469,V555_15,DTP,322,1.02082181210212
B-0130,1658528,V5555555_12,DTP,347,1.14654747788014
B-0131,1668547,V5555555_12,DTP,353,0.159328617391533
B-0132,1658528,V555555555_27,DTP,379,1.5765027820852
B-0133,1692113,V555555555_27,DTP,293,0.0286464268958558
B-0134,1695345,V555555555_27,DTP,598,1.33525806529235
B-0135,1676853,V555555555_27,DTP,1399,2.90578799165031
B-0136,1655818,V555555555_27,DTP,2277,6.1
B-0137,1700094,V555555555_27,DTP,273,1.26033810143043
B-0138,1672721,V555555555_27,DTP,817,34.28
B-0139,1662552,V555555555_27,DTP,453,0.944873029647077
B-0140,1687346,V555555555_27,DTP,329,1.04356886051801
B-0141,1655723,V555555555_27,DTP,483,11.6042416500332
B-0142,1668547,V555555555_27,DTP,346,0.2389929260873
B-0143,1699952,V555555555_27,DTP,251,0.110640177048062
B-0144,1677878,V555555555_27,DTP,955,2.33498520918439
B-0145,1613321,V555555555_27,DTP,961,4.28
B-0146,1684560,V55555555555_28,DTP,15279,6.68596534428064
B-0147,1685760,V55555555555_28,DTP,10767,3.70613788227983
B-0148,1666524,V55555555555_28,DTP,35321,19.3182214282967
B-0149,1667927,V55555555555_28,DTP,35297,17.936849476068
B-0150,1685028,V55555555555_28,DTP,22806,20.1464733341476
B-0151,1678674,V55555555555_28,DTP,20304,9.81500571375299
B-0152,1658528,V555555_6,DTP,420,1.5765027820852
B-0153,1692109,V555555_6,DTP,1720,10.2547224441185
B-0154,1675615,V555555_6,DTP,5301,40.3
B-0155,1699770,V555555_6,DTP,1090,5.29448875959114
B-0156,1676853,V555555_6,DTP,13058,25.74
B-0157,1651302,V555555_6,DTP,546,1.59350505572367
B-0158,1689546,V555555_6,DTP,1177,64.9628974787133
B-0159,1672707,V555555_6,DTP,762,40.26
B-0160,1660578,V555555_6,DTP,263,0.212669708281488
B-0161,1662552,V555555_6,DTP,370,0.481610039383219
B-0162,1687346,V555555_6,DTP,640,8.3485508841441
B-0163,1655373,V555555_6,DTP,244,0.393263782404218
B-0164,1660897,V555555_6,DTP,1021,5.55939377602538
B-0165,1685212,V555555_6,DTP,419,4.27165054236294
B-0166,1663341,V555555_6,DTP,1263,78.76
B-0167,1671951,V555555_6,DTP,367,13.8
B-0168,1697087,V555555_6,DTP,272,0.20607197345237
B-0169,1677884,V555555_6,DTP,371,0.442124717639811
B-0170,1615677,V555555_6,DTP,649,2.84671866083317
B-0171,1692998,V55555555_7,DTP,767,24.94
B-0172,1675615,V55555555_7,DTP,678,3.53814792091357
B-0173,1699283,V55555555_7,DTP,5321,22.5260684765484
B-0174,1688589,V55555555_7,DTP,508,17.4431839749434
B-0175,1691546,V55555555_7,DTP,301,0.920292918858442
B-0176,1683409,V55555555_7,DTP,254,1.12589354442954
B-0177,1682805,V55555555_7,DTP,308,0.0859149747995658
B-0178,1660580,V55555555_7,DTP,395,9.6908797417272
B-0179,1660585,V55555555_7,DTP,436,20.2222131315197
B-0180,1669701,V55555555_7,DTP,871,6.11
B-0181,1668094,V55555555_7,DTP,290,6.62
B-0182,1687346,V55555555_7,DTP,307,0.333942035365764
B-0183,1669409,V55555555_7,DTP,2046,10.86
B-0184,1668547,V55555555_7,DTP,318,0.4779858521746
B-0185,1646909,V55555555_7,DTP,334,0.0659795029041304
B-0186,1699540,V55555555_7,DTP,33891,54.3067332047186
B-0187,1684862,V55555555_5,DTP,436703,439.5
B-0188,1671426,V555555555555555555_42,DTD,18249,10.5148371196355
B-0189,1689641,V555555555_3,DTP,276,54.7725
B-0190,1652883,V55555555_5,DTP,390,42.0387459011768
B-0191,1681890,V555555555_14,DTP,1834,6.38883422464
B-0192,1691700,V555555555_14,DTP,4080,21.8598692988389
B-0193,1672344,V555_15,DTP,700,3.38657822718042
B-0194,1650715,V55555555555555_8,DTD,291,10.7
B-0195,1685321,V55555555555555_8,DTD,239,1.4
B-0196,1696476,V55555_10,DTD,337,3.08736053200137
B-0197,1696746,V555555555555555555_17,DTD,497,7.42464528582065
B-0198,1680210,V555555555555555555_17,DTD,1253,1.97982380579565
B-0199,1662552,V555555555555555555_17,DTD,525,0.917352455968036
B-0200,1680915,V5555555_22,DTD,307,0.522643068978957
B-0201,1676565,V5555555_22,DTD,2582,33.5
B-0202,1675655,V5555555_22,DTD,356,1.07061676501495
B-0203,1699794,V5555555_22,DTD,1872,3.16236837154616
B-0204,1683636,V5555555_22,DTD,337,1.05107881492323
B-0205,1683636,V5555555_22,DTD,361,1.02341884610946
B-0206,1683634,V5555555_22,DTD,640,7.71231523672599
B-0207,1682784,V5555555_22,DTD,290,1.5728574288063
B-0208,1660579,V5555555_22,DTD,348,8.4063319372228
B-0209,1656353,V5555555_22,DTD,440,4.7953811733765
B-0210,1644308,V5555555_22,DTD,326,0.644778079091963
B-0211,1683203,V5555555_22,DTD,352,2.14682851145386
B-0212,1672676,V5555555_22,DTD,338,0.661283129995793
B-0213,1672651,V5555555_22,DTD,441,2.46025870868757
B-0214,1692950,V5555555_22,DTD,993,4.3803639284137
B-0215,1692948,V5555555_22,DTD,1678,5.9519397253719
B-0216,1700362,V555555555555555555_45,DTD,290,0.777354316747882
B-0217,1688589,V555555555555555555_45,DTD,332,0.91351022083019
B-0218,1689546,V555555555555555555_45,DTD,917,49.9752649858089
B-0219,1690627,V555555555555555555_45,DTD,381,3.07347083933425
B-0220,1682736,V555555555555555555_45,DTD,331,0.891911764705883
B-0221,1683432,V555555555555555555_45,DTD,431,7.73866309733789
B-0222,1699772,V5555555_19,DTD,475,2.65614724522576
B-0223,1654766,V5555555_19,DTD,3133,45.58
B-0224,1697080,V5555555_19,DTD,2113,11.8560303829032
B-0225,1696654,V5555_20,DTD,1280,31.7022950874996
B-0226,1658532,V55555555555555_8,DTD,377,2.31444611744461
B-0227,1699433,V55555555555555_8,DTD,310,1.4578608023538
B-0228,1684808,V55555555555555_8,DTD,5268,1.40442137617333
B-0229,1693747,V55555555555555_8,DTD,368,7.70827409724197
B-0230,1693747,V55555555555555_8,DTD,467,29.58
B-0231,1690632,V55555555555555_8,DTD,317,1.05004060711718
B-0232,1688294,V55555555555555_8,DTD,330,1.14446591183493
B-0233,1689544,V55555555555555_8,DTD,294,2.1452431547155
B-0234,1688290,V55555555555555_8,DTD,396,14.9255601723307
B-0235,1688285,V55555555555555_8,DTD,240,0.195436611637587
B-0236,1688633,V55555555555555_8,DTD,413,9.27843074564449
B-0237,1688589,V55555555555555_8,DTD,323,5.48106132498114
B-0238,1688587,V55555555555555_8,DTD,348,1.82415257880626
B-0239,1688575,V55555555555555_8,DTD,382,9.04340928618465
B-0240,1688629,V55555555555555_8,DTD,325,4.48413276695702
B-0241,1688571,V55555555555555_8,DTD,628,26.4269548053423
B-0242,1690619,V55555555555555_8,DTD,337,1.60754175883678
B-0243,1689546,V55555555555555_8,DTD,510,14.325088328603
B-0244,1689548,V55555555555555_8,DTD,763,38.2398938155108
B-0245,1689547,V55555555555555_8,DTD,693,28.7945087492553
B-0246,1689547,V55555555555555_8,DTD,344,7.19862718731383
B-0247,1690621,V55555555555555_8,DTD,255,1.14461619117938
B-0248,1690616,V55555555555555_8,DTD,332,0.188540179313663
B-0249,1690627,V55555555555555_8,DTD,332,1.53673541966712
B-0250,1683430,V55555555555555_8,DTD,278,2.48
B-9001,9999999,V55555_53,DTP,120,4.5
B-9002,1700106,V55555_53,EXPRESS,120,4.5
B-9003,1700106,V55555_53,DTD,120,
B-9004,1700106,V55555_53,DTD,120,250000
B-0001,1700106,V55555_53,DTP,120,4.5
